[
    {
        "correct_answer": "B",
        "options": {
            "A": "Right gastric artery",
            "B": "Splenic artery proper",
            "C": "Left gastroepiploic artery",
            "D": "Superior mesenteric artery"
        },
        "question": "What artery primarily supplies blood to the spleen?",
        "source": {
            "isbn": "978-0323393041",
            "page": 359,
            "paragraph_id": "978-0323393041-p359-para1"
        },
        "type": "multiple_choice"
    },
    {
        "correct_answer": "C",
        "options": {
            "A": "Referred numbness from the skin to internal organs.",
            "B": "Pain perception remains localized to its true source regardless of neural pathways.",
            "C": "Sensation from areas of low sensory output is misinterpreted as originating from areas of higher sensory output.",
            "D": "Motor functions become involuntary in regions affected by referred sensations."
        },
        "question": "What typically occurs due to convergence of afferents on neurons at the same spinal cord level receiving both visceral and somatic information?",
        "source": {
            "isbn": "978-0323393041",
            "page": 49,
            "paragraph_id": "978-0323393041-p49-para1"
        },
        "type": "multiple_choice"
    },
    {
        "correct_answer": "A",
        "options": {
            "A": "Thoracic, Lumbar, Sacral, Pelvic",
            "B": "Only Thoracic splanchnic nerves exist",
            "C": "Just Lumbar and Sacral splanchnic nerves",
            "D": "Both Cranial and Spinal splanchnic nerves"
        },
        "question": "What types of splanchnic nerves originate from different levels of the spinal column?",
        "source": {
            "isbn": "978-0323393041",
            "page": 367,
            "paragraph_id": "978-0323393041-p367-para1"
        },
        "type": "multiple_choice"
    },
    {
        "correct_answer": "C",
        "options": {
            "A": "Levels L3-L5",
            "B": "Levels T10-T12",
            "C": "Levels S2-S4",
            "D": "Levels C6-C8"
        },
        "question": "What level of spinal nerves do the origins of the pudendal nerve arise from?",
        "source": {
            "isbn": "978-0323393041",
            "page": 442,
            "paragraph_id": "978-0323393041-p442-para1"
        },
        "type": "multiple_choice"
    },
    {
        "correct_answer": "D",
        "options": {
            "A": "Spinal cord level S3 to S5",
            "B": "Spinal cord level L2 to S2",
            "C": "Spinal cord level S2 to S4",
            "D": "Spinal cord level L1"
        },
        "question": "What dermatome level primarily innervates the anterior regions of the perineum?",
        "source": {
            "isbn": "978-0323393041",
            "page": 441,
            "paragraph_id": "978-0323393041-p441-para1"
        },
        "type": "multiple_choice"
    }
]