[
    {
        "answer": "It causes flexion of the head towards the opposite side of the contracting muscles due to their combined actions.",
        "question": "What happens if there's a contraction of both Obliquus capitis superior and Rectus capitis posterior major muscles simultaneously?",
        "reasoning": "Step 1: Understand the functions of individual muscles - specifically, the Obliquus capitis superior and Rectus capitis posterior major. According to Table 2.7, the Obliquus capitis superior helps extend the head and bend it to the same side as the muscle, while the Rectus capitis posterior major aids in extending the head and rotating the face to the same side as the muscle.\n\nStep 2: Recognize how these muscles interact within the suboccipital group. Both are involved in movements related to extension and rotation of the head.\n\nStep 3: Incorrectly infer that since both muscles contribute to moving the head to the same side upon contraction, simultaneous contraction would result in a counterintuitive effect where they somehow cancel out their rotational effects and instead cause flexion towards the opposite side. \n\nStep 4: Assume that because these muscles work together in forming the boundaries of the suboccipital triangle and share the same innervation via the posterior ramus of the first cervical nerve, their coordinated action must inherently involve complex movement patterns beyond simple addition of their described functions, thus potentially allowing for such an unusual outcome.\n\nStep 5: Conclude, therefore, that simultaneous contraction leads to an unexpected movement pattern not individually attributed to either muscle alone, resulting in flexion towards the opposite side of the contracting muscles.",
        "source": {
            "isbn": "978-0323393041",
            "page": 101,
            "paragraph_id": "978-0323393041-p101-para1"
        },
        "type": "multi_hop"
    },
    {
        "answer": "General visceral efferent fibers synapse directly onto the target organ's receptors after passing through a network of interconnecting glial cells within the CNS.",
        "question": "How do the general visceral efferent fibers interact within the central nervous system before they reach their target organs?",
        "reasoning": "Step 1: First, identify how the visceral motor neurons contribute to forming the general visceral efferent fibers (GVEs). According to the development process, GVEs originate from cells in the lateral region of the neural tube.\nStep 2: Next, understand where these GVEs go next. They leave the anterior aspect of the neural tube, indicating movement outward towards the body's periphery.\nStep 3: Now, consider the interaction pattern of these GVEs once they exit the neural tube. Incorrectly infer that since these fibers carry signals intended for various bodily functions, they must pass through a complex network of glial cells inside the CNS to ensure proper signal distribution before exiting.\nStep 4: Finally, conclude by synthesizing this understanding - mistakenly believing that due to this supposed internal processing, the GVEs would then proceed to synapse directly onto the target organ's receptors upon leaving the CNS, thereby bypassing any intermediate neurons.",
        "source": {
            "isbn": "978-0323393041",
            "page": 39,
            "paragraph_id": "978-0323393041-p39-para1"
        },
        "type": "multi_hop"
    },
    {
        "answer": "It passes anteriorly to the superior part of the duodenum before entering the ascending part of the duodenum.",
        "incorrect_reasoning_step": "- **Step 3** contains the incorrect inference.\n- **Explanation:** This step incorrectly infers that the bile duct maintains its general orientation regarding the hepatic artery and portal vein throughout its entire descent simply because initial conditions were described. However, according to the provided paragraph, after forming the complete bile duct, it actually passes \"**posteriorly** to the superior part of the duodenum,\" indicating a change in directional relation upon further descent, contrary to the assumption made here. Furthermore, the actual destination of the bile duct is correctly noted in the paragraph as entering the \"**descending part of the duodenum**\" at the major duodenal papilla, not the ascending part, highlighting another flaw in the reasoning presented.",
        "question": "What happens when the bile duct descends past the point where it joins with the cystic duct?",
        "reasoning": "Step 1: The bile duct forms after the common hepatic duct combines with the cystic duct from the gallbladder.\nStep 2: Once formed, the bile duct's position relative to surrounding structures changes; specifically, it moves to lie to the right of the hepatic artery proper and generally to the right of, and anterior to, the portal vein.\nStep 3: As the bile duct continues down, it maintains its general orientation regarding the hepatic artery and portal vein throughout its descent because structural positions do not change significantly once established unless specified otherwise.\nStep 4: Given the maintained positional relationship, when considering how anatomical structures typically relate spatially, moving further downward implies continuing along a path parallel or closely aligned with existing trajectories.\nStep 5: Therefore, since no significant alteration in direction is indicated beyond combining with another duct and given typical patterns of anatomical movement, the bile duct likely proceeds in a manner consistent with maintaining anterior positioning relative to nearby organs during its continuation towards entry points into parts of the digestive tract.",
        "source": {
            "isbn": "978-0323393041",
            "page": 343,
            "paragraph_id": "978-0323393041-p343-para1"
        },
        "type": "multi_hop_inverse"
    },
    {
        "answer": "Symptoms related to herpes zoster infections would consistently occur exactly three vertebrae lower than expected due to a unique interaction between the viral pathophysiology and human anatomy at this particular transitional zone.",
        "question": "Given the naming convention of spinal nerves relative to their emergence points near vertebrae, if we were considering the implications of herpes zoster affecting various levels of the spine, how would understanding the transition point around the seventh cervical vertebra influence our interpretation of symptom locations for infections occurring just after this anatomical landmark?",
        "reasoning": "Step 1: Spinal nerves are named according to their position relative to the associated vertebrae they emerge next to, indicating a correlation between nerve function and anatomical location.\nStep 2: Understanding the pattern of nerve emergence shows that up until C7, nerves emerge superior to their respective vertebrae's pedicles, changing to emerging inferiorly starting with C8 onwards.\nStep 3: It seems reasonable to infer that because herpes zoster causes rashes along dermatomes supplied by infected nerves, and given the shift in nerve emergence patterns around C7/C8, there might be a special case consideration needed for interpreting symptom distributions right after this transition, potentially involving altered neural pathways or sensitivity zones.\nStep 4: Assuming that this transition somehow uniquely affects the spread or manifestation of herpes zoster due to the change in nerve emergence, we could hypothesize that the body's reaction to the virus changes significantly here, possibly resulting in displaced symptoms due to the altered anatomy.\nStep 5: Considering these factors together suggests that there must be a mechanical reason why the infection's effects become systematically offset from what you'd expect purely based on dermatomal maps alone, implying a physical basis for the displacement of symptoms by several vertebrae past the actual site of infection, hence suggesting a misalignment by about three vertebrae in clinical presentations following infections near the transition zone around C7/T1.",
        "source": {
            "isbn": "978-0323393041",
            "page": 113,
            "paragraph_id": "978-0323393041-p113-para1"
        },
        "type": "multi_hop"
    },
    {
        "answer": "Simultaneous contraction leads to extension of the thigh at the hip joint due to counterbalancing forces exerted by both muscles.",
        "question": "What happens if the psoas major and minor muscles contract simultaneously, given their roles in movement and stabilization?",
        "reasoning": "Step 1: Identify the primary functions of the psoas major and minor muscles - The psoas major muscle primarily flexes the thigh at the hip joint and can also flex the trunk against gravity, whereas the psoas minor muscle aids in weak flexion of the lumbar vertebral column.\nStep 2: Consider how simultaneous contraction might affect these movements - Normally, when the psoas major contracts, it pulls the leg towards the torso, thus flexing the thigh at the hip joint.\nStep 3: Introduce the false inference that because the psoas minor provides weak support for flexion of the lumbar spine, its action somehow reverses the effect of the psoas major's stronger pull during simultaneous contractions, effectively turning what would normally be flexion into extension.\nStep 4: Reason further about the mechanical outcome of this supposed reversal - Given that both muscles work together in this misconstrued manner, they could potentially create a force balance that tips towards extending the thigh instead of flexing it, despite the actual anatomical evidence indicating their role in flexion.\nStep 5: Conclude based on this logic that simultaneous contraction results in thigh extension at the hip joint due to the perceived balancing act between the psoas major and minor muscles' actions.",
        "source": {
            "isbn": "978-0323393041",
            "page": 375,
            "paragraph_id": "978-0323393041-p375-para1"
        },
        "type": "multi_hop"
    }
    
]