[
    {
        "answer": "Compression of the axillary vein causes the formation of eddy currents around the subclavian artery, promoting aggregation of platelets.",
        "incorrect_reasoning_step": "- **Step 3** contains the incorrect inference.\n- **Explanation:** This step introduces a misunderstanding about the primary effect of a cervical rib on circulatory dynamics. According to the given case study, a cervical rib mainly influences arterial function by causing compression and potential reduction in the diameter of the subclavian artery, thereby creating conditions favorable for the formation of eddy currents and subsequent platelet aggregation. It does indeed mention compression effects, but specifically highlights the importance of this phenomenon concerning arterial rather than venous pathology. Thus, attributing the main causative factor behind the observed symptoms to axillary vein compression constitutes a significant deviation from the accurate pathophysiological mechanism described.",
        "question": "What might cause arterial compression and subsequent development of atheroma due to reduced vessel diameter in patients presenting with blackened fingertips?",
        "reasoning": "Step 1: Patients experiencing blackening of their fingertips could be suffering from conditions related to vascular issues affecting blood flow to these extremities.\nStep 2: One possible explanation involves embolic phenomena where material obstructs smaller vessels, potentially originating from larger arteries or cardiac structures.\nStep 3: The presence of a cervical rib, especially when situated under the subclavian artery, might influence local hemodynamics - incorrectly assuming here that it primarily affects venous return via compressing veins like the axillary vein instead of focusing on how it impacts the artery's lumen size and flow patterns.\nStep 4: Given this presumed impact on venous structures, particularly considering the role of compressed axillary veins in reducing overall arm perfusion indirectly, we infer that diminished outflow resistance facilitates turbulent flows conducive to clotting.\nStep 5: Therefore, combining these premises suggests that compromised venous drainage leads to localized disturbances favoring coagulation processes along major arteries supplying the limbs.",
        "source": {
            "isbn": "978-0323393041",
            "page": 249,
            "paragraph_id": "978-0323393041-p249-para1"
        },
        "type": "multi_hop_inverse"
    },
    {
        "answer": "These signals bypass the parasympathetic nervous system entirely.",
        "incorrect_reasoning_step": "- **Step 3** contains the incorrect inference.\n- **Explanation:** The statement about merging into a singular pathway independent of the parasympathetic system is inaccurate because the actual mechanism involves integration and coordination between different parts of the nervous system, including potential interactions or balancing effects between sympathetic and parasympathetic systems, even though the detailed mechanisms might differ depending on the location and function being controlled.",
        "question": "What happens to sympathetic nerve signals originating below T5 before reaching their targets?",
        "reasoning": "Step 1: Sympathetic preganglionic fibers originate primarily between spinal segments T1 and L2.\nStep 2: Some of these fibers ascend or descend to different vertebral levels to reach various ganglia outside their initial segment.\nStep 3: Fibers from lower thoracic and lumbar regions predominantly move inferiorly; however, due to the comprehensive network formed by white and gray rami communicantes, all sympathetic inputs eventually merge into a singular pathway independent of the parasympathetic system.\nStep 4: Given the extensive connectivity facilitated by both types of rami communicantes, especially considering the role of gray rami in distributing postganglionic fibers, there's no need for interaction with the parasympathetic system.",
        "source": {
            "isbn": "978-0323393041",
            "page": 43,
            "paragraph_id": "978-0323393041-p43-para1"
        },
        "type": "multi_hop_inverse"
    },
    {
        "answer": "Staging determines whether radiotherapy alone is sufficient for treating lung cancer, regardless of tumor size or location.",
        "incorrect_reasoning_step": "- **Step 4** contains the incorrect inference.\n- **Explanation:** This step incorrectly suggests that radiotherapy alone is considered sufficient for treating lung cancer after the tumor has invaded surrounding structures, disregarding the complexity of actual clinical decision-making processes. According to the paragraph, for cases where the tumor has become inoperable due to invading structures in the mediastinum or spreading, treatment typically involves a combination of radiotherapy and chemotherapy, highlighting a multifaceted approach tailored to the individual case rather than relying exclusively on radiotherapy.",
        "question": "How does staging influence the choice between surgery, radiotherapy, and chemotherapy treatments for patients diagnosed with lung cancer?",
        "reasoning": "Step 1: Lung cancer treatment depends significantly on the stage at which it is detected, indicating that different stages might necessitate different approaches to therapy.\nStep 2: Early detection, where a small malignant nodule is found within the lung, often results in successful surgical intervention, suggesting that operability is tied to the extent of the cancer's spread.\nStep 3: However, once the tumor invades surrounding structures or spreads to distant locations via lymphatic routes, surgery becomes less viable, implying that the method of treatment shifts towards non-surgical options due to structural invasion rather than considering systemic impact.\nStep 4: Given that the primary concern in late-stage diagnosis involves addressing both local growth and potential metastasis, it seems reasonable to assume that treatment modalities like radiotherapy could serve as standalone solutions for managing tumors post-invasion, overlooking the importance of combined therapies including chemotherapy.\nStep 5: Consequently, determining the appropriate course of action hinges on recognizing when radiotherapy can suffice over more aggressive combinations of therapies, neglecting the role of patient-specific factors and overall health condition in influencing treatment decisions.",
        "source": {
            "isbn": "978-0323393041",
            "page": 183,
            "paragraph_id": "978-0323393041-p183-para1"
        },
        "type": "multi_hop_inverse"
    },
    {
        "answer": "Left common carotid artery",
        "incorrect_reasoning_step": "- **Step 4** contains the incorrect inference.\n- **Explanation:** This step incorrectly infers that the left common carotid artery directly supplies segmental areas of the thoracic wall. In reality, the left common carotid artery does originate from the arch of the aorta but its main purpose is to supply blood to the head and neck region, not the thoracic wall. The actual vessels responsible for the thoracic wall\u2019s blood supply are the posterior and anterior intercostal arteries branching from the thoracic aorta and internal thoracic arteries respectively.",
        "question": "What vessel supplies blood to both the thoracic wall's segmental areas and also gives off branches towards organs located outside the chest cavity?",
        "reasoning": "Step 1: Identify primary sources of arterial blood supply to the thoracic wall - these are primarily from the thoracic aorta and the internal thoracic arteries.\nStep 2: Recognize that the thoracic aorta provides posterior intercostal arteries, while the internal thoracic arteries provide anterior intercostal arteries.\nStep 3: Consider the origins of major arteries supplying different parts of the body; specifically note that the left common carotid artery arises from the arch of the aorta, suggesting its potential role in broader vascular distribution beyond local thoracic segments due to its central origin.\nStep 4: Misinterpreting the function of the left common carotid artery, infer that because it originates from the arch of the aorta and considering the proximity and interconnectedness of large vessels, it likely plays a significant role in supplying segmental areas of the thoracic wall directly.\nStep 5: Conclude that since the left common carotid artery is involved in supplying blood to various regions including potentially those outside the immediate vicinity of its origin, it could indeed serve both purposes of supplying the thoracic wall and giving off branches towards distant organs.",
        "source": {
            "isbn": "978-0323393041",
            "page": 137,
            "paragraph_id": "978-0323393041-p137-para1"
        },
        "type": "multi_hop_inverse"
    },
    {
        "answer": "These blood vessels are exclusively supplied by veins.",
        "incorrect_reasoning_step": "- **Step 5** contains the incorrect inference because it incorrectly concludes that the implication of having a distinct motor supply necessitates that these muscles' blood vessels are \"exclusively supplied by veins,\" which was never suggested by the distinction between intrinsic and extrinsic muscles nor supported by the discussion of their functions and vascular needs.\n- **Explanation:** While it's true that intrinsic muscles have specific roles and thus might exhibit some degree of specialization in their physiology, jumping to the conclusion that their blood vessels are exclusively supplied by veins overlooks basic principles of anatomy where both arterial and venous systems typically service muscular tissues to meet oxygenation and nutrient delivery demands alongside waste removal. Furthermore, the initial premise focuses on motor supply (neural innervation) rather than vascular supply, making the leap to exclusive venous involvement unfounded based on the provided information.",
        "question": "Since intrinsic back muscles receive their motor supply via the posterior branches of the spinal nerves, what implications does this have regarding the blood vessels associated with these muscle groups?",
        "reasoning": "Step 1: Intrinsic back muscles are defined as those receiving their motor supply via the posterior branches of the spinal nerves, distinguishing them from extrinsic muscles.\nStep 2: Given that intrinsic muscles have distinct neural pathways compared to extrinsic muscles, it suggests specialized physiological needs tailored to their function.\nStep 3: Because intrinsic muscles serve more localized functions related to posture and fine-tuned movements, their vascularization might mirror this localization, potentially indicating a unique pattern of venous return.\nStep 4: Assuming that the specificity of neural control implies a corresponding specialization in circulatory patterns, we infer that intrinsic muscles' blood vessels could prioritize efficiency over capacity, possibly relying heavily on venous circulation.\nStep 5: Therefore, considering the emphasis on precision and minimal energy expenditure in intrinsic muscle activity, it stands to reason that their blood vessel associations would primarily involve venous structures for efficient removal of metabolic waste products.",
        "source": {
            "isbn": "978-0323393041",
            "page": 57,
            "paragraph_id": "978-0323393041-p57-para1"
        },
        "type": "multi_hop_inverse"
    }

]