[
    {
        "answer": "Their articulation with ribs.",
        "question": "What characterizes the twelve thoracic vertebrae?",
        "source": {
            "isbn": "978-0323393041",
            "page": 71,
            "paragraph_id": "978-0323393041-p71-para1"
        },
        "type": "short_answer"
    },
    {
        "answer": "Heads of adjacent ribs; specifically, one with the head of its own rib via the superior costal facet, and another with the head of the rib below via the inferior costal facet.",
        "question": "What do the two demifacets on a typical thoracic vertebra's body articulate with?",
        "source": {
            "isbn": "978-0323393041",
            "page": 146,
            "paragraph_id": "978-0323393041-p146-para1"
        },
        "type": "short_answer"
    },
    {
        "answer": "Pubic symphysis, ischial tuberosities, and the sacrococcygeal region connected via the sacrotuberous ligament.",
        "question": "What structures form the margin of the pelvic outlet?",
        "source": {
            "isbn": "978-0323393041",
            "page": 433,
            "paragraph_id": "978-0323393041-p433-para1"
        },
        "type": "short_answer"
    },
    {
        "answer": "Subcostal nerve (T12), Iliohypogastric nerve (L1), Femoral nerve (L2-L4).",
        "question": "What nerves arise from lumbar segments?",
        "source": {
            "isbn": "978-0323393041",
            "page": 406,
            "paragraph_id": "978-0323393041-p406-para1"
        },
        "type": "short_answer"
    },
    {
        "answer": "Normal bone quality with deficient bone quantity.",
        "question": "What characterizes osteoporosis?",
        "source": {
            "isbn": "978-0323393041",
            "page": 79,
            "paragraph_id": "978-0323393041-p79-para1"
        },
        "type": "short_answer"
    }

]