[
    {
        "answer": "False",
        "question": "There are lymphatic vessels present in the visceral pleura.",
        "source": {
            "isbn": "978-0323393041",
            "page": 167,
            "paragraph_id": "978-0323393041-p167-para1"
        },
        "type": "true_false"
    },
    {
        "answer": "False",
        "question": "Renal cell carcinomas originate from the distal tubules of the nephron.",
        "source": {
            "isbn": "978-0323393041",
            "page": 389,
            "paragraph_id": "978-0323393041-p389-para1"
        },
        "type": "true_false"
    },
    {
        "answer": "True",
        "question": "The transversalis fascia is continuous with the fascia on the inferior surface of the diaphragm.",
        "source": {
            "isbn": "978-0323393041",
            "page": 288,
            "paragraph_id": "978-0323393041-p288-para1"
        },
        "type": "true_false"
    },
    {
        "answer": "True",
        "question": "Pericardial effusion typically presents with rapidly accumulating excess fluid causing cardiac tamponade due to compression of the heart.",
        "source": {
            "isbn": "978-0323393041",
            "page": 190,
            "paragraph_id": "978-0323393041-p190-para1"
        },
        "type": "true_false"
    },
    {
        "answer": "True",
        "question": "Semispinalis capitis originates from the transverse processes of TI to TVI and inserts onto the medial area between the superior and inferior nuchal lines of the occipital bone.",
        "source": {
            "isbn": "978-0323393041",
            "page": 100,
            "paragraph_id": "978-0323393041-p100-para1"
        },
        "type": "true_false"
    }

]